<annotation>
	<folder>my-project-name</folder>
	<filename>20230812_121318.jpg</filename>
	<path>/my-project-name/20230812_121318.jpg</path>
	<source>
		<database>Unspecified</database>
	</source>
	<size>
		<width>3000</width>
		<height>4000</height>
		<depth>3</depth>
	</size>
	<object>
		<name>Body Lotion</name>
		<pose>Unspecified</pose>
		<truncated>0</truncated>
		<difficult>0</difficult>
		<bndbox>
			<xmin>1988</xmin>
			<ymin>1573</ymin>
			<xmax>2689</xmax>
			<ymax>3036</ymax>
		</bndbox>
	</object>
	<object>
		<name>Mouse</name>
		<pose>Unspecified</pose>
		<truncated>0</truncated>
		<difficult>0</difficult>
		<bndbox>
			<xmin>1325</xmin>
			<ymin>3074</ymin>
			<xmax>2032</xmax>
			<ymax>4000</ymax>
		</bndbox>
	</object>
</annotation>