<annotation>
	<folder>my-project-name</folder>
	<filename>20230812_121153.jpg</filename>
	<path>/my-project-name/20230812_121153.jpg</path>
	<source>
		<database>Unspecified</database>
	</source>
	<size>
		<width>3000</width>
		<height>4000</height>
		<depth>3</depth>
	</size>
	<object>
		<name>Planters Nut</name>
		<pose>Unspecified</pose>
		<truncated>0</truncated>
		<difficult>0</difficult>
		<bndbox>
			<xmin>53</xmin>
			<ymin>2521</ymin>
			<xmax>519</xmax>
			<ymax>3052</ymax>
		</bndbox>
	</object>
	<object>
		<name>Laptop</name>
		<pose>Unspecified</pose>
		<truncated>0</truncated>
		<difficult>0</difficult>
		<bndbox>
			<xmin>32</xmin>
			<ymin>2986</ymin>
			<xmax>2119</xmax>
			<ymax>3638</ymax>
		</bndbox>
	</object>
	<object>
		<name>Mouse</name>
		<pose>Unspecified</pose>
		<truncated>0</truncated>
		<difficult>0</difficult>
		<bndbox>
			<xmin>426</xmin>
			<ymin>3123</ymin>
			<xmax>952</xmax>
			<ymax>3425</ymax>
		</bndbox>
	</object>
	<object>
		<name>Body Lotion</name>
		<pose>Unspecified</pose>
		<truncated>0</truncated>
		<difficult>0</difficult>
		<bndbox>
			<xmin>1040</xmin>
			<ymin>2192</ymin>
			<xmax>1462</xmax>
			<ymax>2959</ymax>
		</bndbox>
	</object>
	<object>
		<name>Body Lotion</name>
		<pose>Unspecified</pose>
		<truncated>0</truncated>
		<difficult>0</difficult>
		<bndbox>
			<xmin>1905</xmin>
			<ymin>2482</ymin>
			<xmax>2267</xmax>
			<ymax>3282</ymax>
		</bndbox>
	</object>
	<object>
		<name>Contigo Fit water flask</name>
		<pose>Unspecified</pose>
		<truncated>0</truncated>
		<difficult>0</difficult>
		<bndbox>
			<xmin>2218</xmin>
			<ymin>1951</ymin>
			<xmax>2996</xmax>
			<ymax>3271</ymax>
		</bndbox>
	</object>
</annotation>