<annotation>
	<folder>my-project-name</folder>
	<filename>20230812_121153 (1).jpg</filename>
	<path>/my-project-name/20230812_121153 (1).jpg</path>
	<source>
		<database>Unspecified</database>
	</source>
	<size>
		<width>2994</width>
		<height>1841</height>
		<depth>3</depth>
	</size>
	<object>
		<name>Planters Nut</name>
		<pose>Unspecified</pose>
		<truncated>0</truncated>
		<difficult>0</difficult>
		<bndbox>
			<xmin>65</xmin>
			<ymin>609</ymin>
			<xmax>500</xmax>
			<ymax>1182</ymax>
		</bndbox>
	</object>
	<object>
		<name>Mouse</name>
		<pose>Unspecified</pose>
		<truncated>0</truncated>
		<difficult>0</difficult>
		<bndbox>
			<xmin>482</xmin>
			<ymin>1209</ymin>
			<xmax>897</xmax>
			<ymax>1520</ymax>
		</bndbox>
	</object>
	<object>
		<name>Laptop</name>
		<pose>Unspecified</pose>
		<truncated>0</truncated>
		<difficult>0</difficult>
		<bndbox>
			<xmin>6</xmin>
			<ymin>1053</ymin>
			<xmax>2103</xmax>
			<ymax>1823</ymax>
		</bndbox>
	</object>
	<object>
		<name>Body Lotion</name>
		<pose>Unspecified</pose>
		<truncated>0</truncated>
		<difficult>0</difficult>
		<bndbox>
			<xmin>1918</xmin>
			<ymin>588</ymin>
			<xmax>2273</xmax>
			<ymax>1391</ymax>
		</bndbox>
	</object>
	<object>
		<name>Body Lotion</name>
		<pose>Unspecified</pose>
		<truncated>0</truncated>
		<difficult>0</difficult>
		<bndbox>
			<xmin>1053</xmin>
			<ymin>329</ymin>
			<xmax>1435</xmax>
			<ymax>1050</ymax>
		</bndbox>
	</object>
	<object>
		<name>Contigo Fit water flask</name>
		<pose>Unspecified</pose>
		<truncated>0</truncated>
		<difficult>0</difficult>
		<bndbox>
			<xmin>2221</xmin>
			<ymin>73</ymin>
			<xmax>2970</xmax>
			<ymax>1409</ymax>
		</bndbox>
	</object>
</annotation>