<annotation>
	<folder>my-project-name</folder>
	<filename>20230812_121334.jpg</filename>
	<path>/my-project-name/20230812_121334.jpg</path>
	<source>
		<database>Unspecified</database>
	</source>
	<size>
		<width>3000</width>
		<height>4000</height>
		<depth>3</depth>
	</size>
	<object>
		<name>Body Lotion</name>
		<pose>Unspecified</pose>
		<truncated>0</truncated>
		<difficult>0</difficult>
		<bndbox>
			<xmin>941</xmin>
			<ymin>1425</ymin>
			<xmax>1533</xmax>
			<ymax>2789</ymax>
		</bndbox>
	</object>
</annotation>