<annotation>
	<folder>my-project-name</folder>
	<filename>20230812_121416.jpg</filename>
	<path>/my-project-name/20230812_121416.jpg</path>
	<source>
		<database>Unspecified</database>
	</source>
	<size>
		<width>3000</width>
		<height>4000</height>
		<depth>3</depth>
	</size>
	<object>
		<name>Planters Nut</name>
		<pose>Unspecified</pose>
		<truncated>0</truncated>
		<difficult>0</difficult>
		<bndbox>
			<xmin>711</xmin>
			<ymin>1693</ymin>
			<xmax>1204</xmax>
			<ymax>2701</ymax>
		</bndbox>
	</object>
</annotation>